file;path
Exp16DM01_saisie.xlsx;/Users/mavi/Code/python/leafdisks_powderymildew/notebooks/../data_in/gav_phenotypage/EXP-2016/Exp16DM01_Test lampes LED/Exp16DM01_saisie.xlsx
Exp16DM02_inoc1_saisie.xlsx;/Users/mavi/Code/python/leafdisks_powderymildew/notebooks/../data_in/gav_phenotypage/EXP-2016/Exp16DM02_CTPS/Exp16DM02_inoc1_saisie.xlsx
Exp16DM02_inoc2_saisie.xlsx;/Users/mavi/Code/python/leafdisks_powderymildew/notebooks/../data_in/gav_phenotypage/EXP-2016/Exp16DM02_CTPS/Exp16DM02_inoc2_saisie.xlsx
Exp16DM03_inoc1_saisie.xlsx;/Users/mavi/Code/python/leafdisks_powderymildew/notebooks/../data_in/gav_phenotypage/EXP-2016/Exp16DM03_Martell/Exp16DM03_inoc1_saisie.xlsx
Exp16DM03_inoc2_saisie.xlsx;/Users/mavi/Code/python/leafdisks_powderymildew/notebooks/../data_in/gav_phenotypage/EXP-2016/Exp16DM03_Martell/Exp16DM03_inoc2_saisie.xlsx
Exp16DM03_inoc3_saisie.xlsx;/Users/mavi/Code/python/leafdisks_powderymildew/notebooks/../data_in/gav_phenotypage/EXP-2016/Exp16DM03_Martell/Exp16DM03_inoc3_saisie.xlsx
Exp16DM04_inoc1_saisie.xlsx;/Users/mavi/Code/python/leafdisks_powderymildew/notebooks/../data_in/gav_phenotypage/EXP-2016/Exp16DM04_Innovine vitis vinifera/Exp16DM04_inoc1_saisie.xlsx
Exp16DM04_inoc2_saisie.xlsx;/Users/mavi/Code/python/leafdisks_powderymildew/notebooks/../data_in/gav_phenotypage/EXP-2016/Exp16DM04_Innovine vitis vinifera/Exp16DM04_inoc2_saisie.xlsx
Exp16DM05_inoc1_saisie.xlsx;/Users/mavi/Code/python/leafdisks_powderymildew/notebooks/../data_in/gav_phenotypage/EXP-2016/Exp16DM05_effet taille/Exp16DM05_inoc1_saisie.xlsx
Exp16DM05_inoc2_saisie.xlsx;/Users/mavi/Code/python/leafdisks_powderymildew/notebooks/../data_in/gav_phenotypage/EXP-2016/Exp16DM05_effet taille/Exp16DM05_inoc2_saisie.xlsx
Exp16DM05_inoc3_saisie.xlsx;/Users/mavi/Code/python/leafdisks_powderymildew/notebooks/../data_in/gav_phenotypage/EXP-2016/Exp16DM05_effet taille/Exp16DM05_inoc3_saisie.xlsx
Exp16DM05_inoc4_saisie.xlsx;/Users/mavi/Code/python/leafdisks_powderymildew/notebooks/../data_in/gav_phenotypage/EXP-2016/Exp16DM05_effet taille/Exp16DM05_inoc4_saisie.xlsx
Exp16DM05_inoc5_saisie.xlsx;/Users/mavi/Code/python/leafdisks_powderymildew/notebooks/../data_in/gav_phenotypage/EXP-2016/Exp16DM05_effet taille/Exp16DM05_inoc5_saisie.xlsx
Exp16DM05_inoc6_saisie.xlsx;/Users/mavi/Code/python/leafdisks_powderymildew/notebooks/../data_in/gav_phenotypage/EXP-2016/Exp16DM05_effet taille/Exp16DM05_inoc6_saisie.xlsx
~$Exp16DM05_rep1_saisie.xlsx;/Users/mavi/Code/python/leafdisks_powderymildew/notebooks/../data_in/gav_phenotypage/EXP-2016/Exp16DM05_effet taille/~$Exp16DM05_rep1_saisie.xlsx
Exp16DM06_saisie.xlsx;/Users/mavi/Code/python/leafdisks_powderymildew/notebooks/../data_in/gav_phenotypage/EXP-2016/Exp16DM06_CALVI/Exp16DM06_saisie.xlsx
Exp16DM07_inoc1_saisie.xlsx;/Users/mavi/Code/python/leafdisks_powderymildew/notebooks/../data_in/gav_phenotypage/EXP-2016/Exp16DM07_popCordifolia/Exp16DM07_inoc1_saisie.xlsx
Exp16DM07_inoc2_saisie.xlsx;/Users/mavi/Code/python/leafdisks_powderymildew/notebooks/../data_in/gav_phenotypage/EXP-2016/Exp16DM07_popCordifolia/Exp16DM07_inoc2_saisie.xlsx
Exp16DM08_inoc1_saisie.xlsx;/Users/mavi/Code/python/leafdisks_powderymildew/notebooks/../data_in/gav_phenotypage/EXP-2016/Exp16DM08_test pinots/Exp16DM08_inoc1_saisie.xlsx
Exp16DM09_inoc1_saisie.xlsx;/Users/mavi/Code/python/leafdisks_powderymildew/notebooks/../data_in/gav_phenotypage/EXP-2016/Exp16DM09_Rpv3.4/Exp16DM09_inoc1_saisie.xlsx
Exp16DM10_saisie.xlsx;/Users/mavi/Code/python/leafdisks_powderymildew/notebooks/../data_in/gav_phenotypage/EXP-2016/Exp16DM10_Innovine vitis silvestris/Exp16DM10_saisie.xlsx
Exp16DM11_inoc1_saisie.xlsx;/Users/mavi/Code/python/leafdisks_powderymildew/notebooks/../data_in/gav_phenotypage/EXP-2016/Exp16DM11_Hybrides AestRup/Exp16DM11_inoc1_saisie.xlsx
Exp16DM11_inoc2_saisie.xlsx;/Users/mavi/Code/python/leafdisks_powderymildew/notebooks/../data_in/gav_phenotypage/EXP-2016/Exp16DM11_Hybrides AestRup/Exp16DM11_inoc2_saisie.xlsx
Exp16DM12_inoc1_saisie.xlsx;/Users/mavi/Code/python/leafdisks_powderymildew/notebooks/../data_in/gav_phenotypage/EXP-2016/Exp16DM12_V.cordifolia/Exp16DM12_inoc1_saisie.xlsx
Exp16DM12_inoc2_saisie.xlsx;/Users/mavi/Code/python/leafdisks_powderymildew/notebooks/../data_in/gav_phenotypage/EXP-2016/Exp16DM12_V.cordifolia/Exp16DM12_inoc2_saisie.xlsx
Exp17DM01_inoc1_saisie.xlsx;/Users/mavi/Code/python/leafdisks_powderymildew/notebooks/../data_in/gav_phenotypage/EXP-2017/Exp17DM01_test concentration inoculum/Exp17DM01_inoc1_saisie.xlsx
Exp17DM01_inoc2_saisie.xlsx;/Users/mavi/Code/python/leafdisks_powderymildew/notebooks/../data_in/gav_phenotypage/EXP-2017/Exp17DM01_test concentration inoculum/Exp17DM01_inoc2_saisie.xlsx
Exp17DM01_inoc3_saisie.xlsx;/Users/mavi/Code/python/leafdisks_powderymildew/notebooks/../data_in/gav_phenotypage/EXP-2017/Exp17DM01_test concentration inoculum/Exp17DM01_inoc3_saisie.xlsx
Exp17DM02_inoc1_saisie.xlsx;/Users/mavi/Code/python/leafdisks_powderymildew/notebooks/../data_in/gav_phenotypage/EXP-2017/Exp17DM02_IDEVI/Exp17DM02_inoc1_saisie.xlsx
Exp17DM02_inoc2_saisie.xlsx;/Users/mavi/Code/python/leafdisks_powderymildew/notebooks/../data_in/gav_phenotypage/EXP-2017/Exp17DM02_IDEVI/Exp17DM02_inoc2_saisie.xlsx
Exp17DM02_inoc3_saisie.xlsx;/Users/mavi/Code/python/leafdisks_powderymildew/notebooks/../data_in/gav_phenotypage/EXP-2017/Exp17DM02_IDEVI/Exp17DM02_inoc3_saisie.xlsx
Exp17DM03_inoc1_saisie.xlsx;/Users/mavi/Code/python/leafdisks_powderymildew/notebooks/../data_in/gav_phenotypage/EXP-2017/Exp17DM03_pop 44826/Exp17DM03_inoc1_saisie.xlsx
Exp17DM03_inoc2_saisie.xlsx;/Users/mavi/Code/python/leafdisks_powderymildew/notebooks/../data_in/gav_phenotypage/EXP-2017/Exp17DM03_pop 44826/Exp17DM03_inoc2_saisie.xlsx
Exp17DM04_inoc1_saisie.xlsx;/Users/mavi/Code/python/leafdisks_powderymildew/notebooks/../data_in/gav_phenotypage/EXP-2017/Exp17DM04_Cordifolia/Exp17DM04_inoc1_saisie.xlsx
Exp17DM04_inoc2_saisie.xlsx;/Users/mavi/Code/python/leafdisks_powderymildew/notebooks/../data_in/gav_phenotypage/EXP-2017/Exp17DM04_Cordifolia/Exp17DM04_inoc2_saisie.xlsx
Exp17DM04_inoc3_saisie.xlsx;/Users/mavi/Code/python/leafdisks_powderymildew/notebooks/../data_in/gav_phenotypage/EXP-2017/Exp17DM04_Cordifolia/Exp17DM04_inoc3_saisie.xlsx
Exp17DM04_inoc4_saisie.xlsx;/Users/mavi/Code/python/leafdisks_powderymildew/notebooks/../data_in/gav_phenotypage/EXP-2017/Exp17DM04_Cordifolia/Exp17DM04_inoc4_saisie.xlsx
Exp17DM07_inoc1_saisie.xlsx;/Users/mavi/Code/python/leafdisks_powderymildew/notebooks/../data_in/gav_phenotypage/EXP-2017/Exp17DM07_Effet QTL/Exp17DM07_inoc1_saisie.xlsx
Exp17DM08_saisie.xlsx;/Users/mavi/Code/python/leafdisks_powderymildew/notebooks/../data_in/gav_phenotypage/EXP-2017/Exp17DM08_témoins/Exp17DM08_saisie.xlsx
Exp18DM01_inoc1_saisie.xlsx;/Users/mavi/Code/python/leafdisks_powderymildew/notebooks/../data_in/gav_phenotypage/EXP-2018/Exp18DM01_CTPS_BNIC/Exp18DM01_inoc1_saisie.xlsx
Exp18DM01_inoc2_saisie.xlsx;/Users/mavi/Code/python/leafdisks_powderymildew/notebooks/../data_in/gav_phenotypage/EXP-2018/Exp18DM01_CTPS_BNIC/Exp18DM01_inoc2_saisie.xlsx
~$Exp18DM01_inoc1_saisie.xlsx;/Users/mavi/Code/python/leafdisks_powderymildew/notebooks/../data_in/gav_phenotypage/EXP-2018/Exp18DM01_CTPS_BNIC/~$Exp18DM01_inoc1_saisie.xlsx
~$Exp18DM02_inoc1_saisie.xlsx;/Users/mavi/Code/python/leafdisks_powderymildew/notebooks/../data_in/gav_phenotypage/EXP-2018/Exp18DM02_CSxCandicans/~$Exp18DM02_inoc1_saisie.xlsx
Exp18DM02_inoc1_saisie.xlsx;/Users/mavi/Code/python/leafdisks_powderymildew/notebooks/../data_in/gav_phenotypage/EXP-2018/Exp18DM02_CSxCandicans/Exp18DM02_inoc1_saisie.xlsx
Exp18DM02_inoc2et3_saisie.xlsx;/Users/mavi/Code/python/leafdisks_powderymildew/notebooks/../data_in/gav_phenotypage/EXP-2018/Exp18DM02_CSxCandicans/Exp18DM02_inoc2et3_saisie.xlsx
Exp18DM03_saisie.xlsx;/Users/mavi/Code/python/leafdisks_powderymildew/notebooks/../data_in/gav_phenotypage/EXP-2018/Exp18DM03_Cinerea x Cinerea/Exp18DM03_saisie.xlsx
Exp18DM04_inoc1_saisie.xlsx;/Users/mavi/Code/python/leafdisks_powderymildew/notebooks/../data_in/gav_phenotypage/EXP-2018/Exp18DM04_pop 50025/Exp18DM04_inoc1_saisie.xlsx
~$Exp18DM05_saisie.xlsx;/Users/mavi/Code/python/leafdisks_powderymildew/notebooks/../data_in/gav_phenotypage/EXP-2018/Exp18DM05_sous-pop 50025/~$Exp18DM05_saisie.xlsx
~$Exp18DM05_saisie_OIV à 4, 5 et 6 dpi.xlsx;/Users/mavi/Code/python/leafdisks_powderymildew/notebooks/../data_in/gav_phenotypage/EXP-2018/Exp18DM05_sous-pop 50025/~$Exp18DM05_saisie_OIV à 4, 5 et 6 dpi.xlsx
Exp18DM05_saisie.xlsx;/Users/mavi/Code/python/leafdisks_powderymildew/notebooks/../data_in/gav_phenotypage/EXP-2018/Exp18DM05_sous-pop 50025/Exp18DM05_saisie.xlsx
Exp18DM06_saisie.xlsx;/Users/mavi/Code/python/leafdisks_powderymildew/notebooks/../data_in/gav_phenotypage/EXP-2018/Exp18DM06_IDEVI/Exp18DM06_saisie.xlsx
Exp18DM07_saisie.xlsx;/Users/mavi/Code/python/leafdisks_powderymildew/notebooks/../data_in/gav_phenotypage/EXP-2018/Exp18DM07_Bianca/Exp18DM07_saisie.xlsx
~$Exp18DM07_saisie.xlsx;/Users/mavi/Code/python/leafdisks_powderymildew/notebooks/../data_in/gav_phenotypage/EXP-2018/Exp18DM07_Bianca/~$Exp18DM07_saisie.xlsx
Exp18DM10_saisie.xlsx;/Users/mavi/Code/python/leafdisks_powderymildew/notebooks/../data_in/gav_phenotypage/EXP-2018/Exp18DM10_Effet souche résistances/Exp18DM10_saisie.xlsx
Exp19DM01_saisie.xlsx;/Users/mavi/Code/python/leafdisks_powderymildew/notebooks/../data_in/gav_phenotypage/EXP-2019/Exp19DM01_IDEVI/Exp19DM01_saisie.xlsx
Exp19DM02_inoc1_saisie.xlsx;/Users/mavi/Code/python/leafdisks_powderymildew/notebooks/../data_in/gav_phenotypage/EXP-2019/Exp19DM02_CTPS/Exp19DM02_inoc1_saisie.xlsx
Exp19DM02_inoc2_saisie.xlsx;/Users/mavi/Code/python/leafdisks_powderymildew/notebooks/../data_in/gav_phenotypage/EXP-2019/Exp19DM02_CTPS/Exp19DM02_inoc2_saisie.xlsx
~$Exp19DM02_inoc2_saisie.xlsx;/Users/mavi/Code/python/leafdisks_powderymildew/notebooks/../data_in/gav_phenotypage/EXP-2019/Exp19DM02_CTPS/~$Exp19DM02_inoc2_saisie.xlsx
Exp19DM03_inoc1_saisie.xlsx;/Users/mavi/Code/python/leafdisks_powderymildew/notebooks/../data_in/gav_phenotypage/EXP-2019/Exp19DM03_S1 lincecumii/Exp19DM03_inoc1_saisie.xlsx
Exp19DM03_inoc2_saisie.xlsx;/Users/mavi/Code/python/leafdisks_powderymildew/notebooks/../data_in/gav_phenotypage/EXP-2019/Exp19DM03_S1 lincecumii/Exp19DM03_inoc2_saisie.xlsx
Exp19DM04_inoc1_saisie.xlsx;/Users/mavi/Code/python/leafdisks_powderymildew/notebooks/../data_in/gav_phenotypage/EXP-2019/Exp19DM04_S1 Cabernet-S./Exp19DM04_inoc1_saisie.xlsx
Exp19DM04_inoc1_saisie_bis.xlsx;/Users/mavi/Code/python/leafdisks_powderymildew/notebooks/../data_in/gav_phenotypage/EXP-2019/Exp19DM04_S1 Cabernet-S./Exp19DM04_inoc1_saisie_bis.xlsx
Exp19DM04_inoc2_saisie.xlsx;/Users/mavi/Code/python/leafdisks_powderymildew/notebooks/../data_in/gav_phenotypage/EXP-2019/Exp19DM04_S1 Cabernet-S./Exp19DM04_inoc2_saisie.xlsx
Exp19DM04_inoc2_saisie_bis.xlsx;/Users/mavi/Code/python/leafdisks_powderymildew/notebooks/../data_in/gav_phenotypage/EXP-2019/Exp19DM04_S1 Cabernet-S./Exp19DM04_inoc2_saisie_bis.xlsx
~$Exp19DM04_inoc2_saisie.xlsx;/Users/mavi/Code/python/leafdisks_powderymildew/notebooks/../data_in/gav_phenotypage/EXP-2019/Exp19DM04_S1 Cabernet-S./~$Exp19DM04_inoc2_saisie.xlsx
Exp19DM06_inoc1_saisie.xlsx;/Users/mavi/Code/python/leafdisks_powderymildew/notebooks/../data_in/gav_phenotypage/EXP-2019/Exp19DM06_comparaison spray:compresseur/Exp19DM06_inoc1_saisie.xlsx
Exp19DM06_inoc2_saisie.xlsx;/Users/mavi/Code/python/leafdisks_powderymildew/notebooks/../data_in/gav_phenotypage/EXP-2019/Exp19DM06_comparaison spray:compresseur/Exp19DM06_inoc2_saisie.xlsx
Exp19DM07_saisie.xlsx;/Users/mavi/Code/python/leafdisks_powderymildew/notebooks/../data_in/gav_phenotypage/EXP-2019/Exp19DM07_Vassal/Exp19DM07_saisie.xlsx
Exp19DM09_saisie.xlsx;/Users/mavi/Code/python/leafdisks_powderymildew/notebooks/../data_in/gav_phenotypage/EXP-2019/Exp19DM09_Comparaison souches/Exp19DM09_saisie.xlsx
Exp19DM10_saisie.xlsx;/Users/mavi/Code/python/leafdisks_powderymildew/notebooks/../data_in/gav_phenotypage/EXP-2019/Exp19DM10_Validation phenotype MCP/Exp19DM10_saisie.xlsx
~$Exp19DM10_saisie.xlsx;/Users/mavi/Code/python/leafdisks_powderymildew/notebooks/../data_in/gav_phenotypage/EXP-2019/Exp19DM10_Validation phenotype MCP/~$Exp19DM10_saisie.xlsx
Exp20DM01_inoc1_saisie.xlsx;/Users/mavi/Code/python/leafdisks_powderymildew/notebooks/../data_in/gav_phenotypage/EXP-2020/Exp20DM01_IDEVI/Exp20DM01_inoc1_saisie.xlsx
Exp20DM01_inoc2_saisie.xlsx;/Users/mavi/Code/python/leafdisks_powderymildew/notebooks/../data_in/gav_phenotypage/EXP-2020/Exp20DM01_IDEVI/Exp20DM01_inoc2_saisie.xlsx
~$Exp20DM01_inoc1_saisie.xlsx;/Users/mavi/Code/python/leafdisks_powderymildew/notebooks/../data_in/gav_phenotypage/EXP-2020/Exp20DM01_IDEVI/~$Exp20DM01_inoc1_saisie.xlsx
Exp20DM02_inoc1_saisie.xlsx;/Users/mavi/Code/python/leafdisks_powderymildew/notebooks/../data_in/gav_phenotypage/EXP-2020/Exp20DM02_CTPS/Exp20DM02_inoc1_saisie.xlsx
Exp20DM02_inoc2_saisie.xlsx;/Users/mavi/Code/python/leafdisks_powderymildew/notebooks/../data_in/gav_phenotypage/EXP-2020/Exp20DM02_CTPS/Exp20DM02_inoc2_saisie.xlsx
Exp20DM03_inoc1_saisie.xlsx;/Users/mavi/Code/python/leafdisks_powderymildew/notebooks/../data_in/gav_phenotypage/EXP-2020/Exp20DM03_Oberlin/Exp20DM03_inoc1_saisie.xlsx
Exp20DM03_inoc2_saisie.xlsx;/Users/mavi/Code/python/leafdisks_powderymildew/notebooks/../data_in/gav_phenotypage/EXP-2020/Exp20DM03_Oberlin/Exp20DM03_inoc2_saisie.xlsx
~$Exp20DM03_inoc1_saisie.xlsx;/Users/mavi/Code/python/leafdisks_powderymildew/notebooks/../data_in/gav_phenotypage/EXP-2020/Exp20DM03_Oberlin/~$Exp20DM03_inoc1_saisie.xlsx
Exp20DM04_inoc1_saisie.xlsx;/Users/mavi/Code/python/leafdisks_powderymildew/notebooks/../data_in/gav_phenotypage/EXP-2020/Exp20DM04_Vassal/Exp20DM04_inoc1_saisie.xlsx
Exp20DM04_inoc2_saisie.xlsx;/Users/mavi/Code/python/leafdisks_powderymildew/notebooks/../data_in/gav_phenotypage/EXP-2020/Exp20DM04_Vassal/Exp20DM04_inoc2_saisie.xlsx
ExpAADMXX_saisie.xlsx;/Users/mavi/Code/python/leafdisks_powderymildew/notebooks/../data_in/gav_phenotypage/modèles fichiers/EXP XX Mildiou/ExpAADMXX_saisie.xlsx
Exp21DM01_inoc1_saisie.xlsx;/Users/mavi/Code/python/leafdisks_powderymildew/notebooks/../data_in/gav_phenotypage/EXP-2021/Exp21DM01_CTPS/Exp21DM01_inoc1_saisie.xlsx
Exp21DM01_inoc2_saisie.xlsx;/Users/mavi/Code/python/leafdisks_powderymildew/notebooks/../data_in/gav_phenotypage/EXP-2021/Exp21DM01_CTPS/Exp21DM01_inoc2_saisie.xlsx
Exp21DM02_inoc1_saisie.xlsx;/Users/mavi/Code/python/leafdisks_powderymildew/notebooks/../data_in/gav_phenotypage/EXP-2021/Exp21DM02_CVC/Exp21DM02_inoc1_saisie.xlsx
Exp21DM02_inoc1_saisie_Rochefort.xlsx;/Users/mavi/Code/python/leafdisks_powderymildew/notebooks/../data_in/gav_phenotypage/EXP-2021/Exp21DM02_CVC/Exp21DM02_inoc1_saisie_Rochefort.xlsx
Exp21DM02_inoc2_saisie.xlsx;/Users/mavi/Code/python/leafdisks_powderymildew/notebooks/../data_in/gav_phenotypage/EXP-2021/Exp21DM02_CVC/Exp21DM02_inoc2_saisie.xlsx
Exp21DM03_inoc1_saisie.xlsx;/Users/mavi/Code/python/leafdisks_powderymildew/notebooks/../data_in/gav_phenotypage/EXP-2021/Exp21DM03_DURAVIT/Exp21DM03_inoc1_saisie.xlsx
Exp21DM03_inoc2_saisie.xlsx;/Users/mavi/Code/python/leafdisks_powderymildew/notebooks/../data_in/gav_phenotypage/EXP-2021/Exp21DM03_DURAVIT/Exp21DM03_inoc2_saisie.xlsx
Exp21DM03_inoc3_saisie.xlsx;/Users/mavi/Code/python/leafdisks_powderymildew/notebooks/../data_in/gav_phenotypage/EXP-2021/Exp21DM03_DURAVIT/Exp21DM03_inoc3_saisie.xlsx
Exp21DM03_inoc4_saisie.xlsx;/Users/mavi/Code/python/leafdisks_powderymildew/notebooks/../data_in/gav_phenotypage/EXP-2021/Exp21DM03_DURAVIT/Exp21DM03_inoc4_saisie.xlsx
Exp21DM04_inoc1_saisie.xlsx;/Users/mavi/Code/python/leafdisks_powderymildew/notebooks/../data_in/gav_phenotypage/EXP-2021/Exp21DM04_Oberlin/Exp21DM04_inoc1_saisie.xlsx
Exp21DM04_inoc2_saisie.xlsx;/Users/mavi/Code/python/leafdisks_powderymildew/notebooks/../data_in/gav_phenotypage/EXP-2021/Exp21DM04_Oberlin/Exp21DM04_inoc2_saisie.xlsx
Exp21DM04_inoc3_saisie.xlsx;/Users/mavi/Code/python/leafdisks_powderymildew/notebooks/../data_in/gav_phenotypage/EXP-2021/Exp21DM04_Oberlin/Exp21DM04_inoc3_saisie.xlsx
~$Exp21DM04_inoc1_saisie.xlsx;/Users/mavi/Code/python/leafdisks_powderymildew/notebooks/../data_in/gav_phenotypage/EXP-2021/Exp21DM04_Oberlin/~$Exp21DM04_inoc1_saisie.xlsx
Exp21DM05_inoc1_saisie.xlsx;/Users/mavi/Code/python/leafdisks_powderymildew/notebooks/../data_in/gav_phenotypage/EXP-2021/Exp21DM05_RpV2/Exp21DM05_inoc1_saisie.xlsx
Exp21DM05_inoc2_saisie.xlsx;/Users/mavi/Code/python/leafdisks_powderymildew/notebooks/../data_in/gav_phenotypage/EXP-2021/Exp21DM05_RpV2/Exp21DM05_inoc2_saisie.xlsx
Exp21DM05_inoc3_saisie.xlsx;/Users/mavi/Code/python/leafdisks_powderymildew/notebooks/../data_in/gav_phenotypage/EXP-2021/Exp21DM05_RpV2/Exp21DM05_inoc3_saisie.xlsx
Exp21DM05_inoc4_saisie.xlsx;/Users/mavi/Code/python/leafdisks_powderymildew/notebooks/../data_in/gav_phenotypage/EXP-2021/Exp21DM05_RpV2/Exp21DM05_inoc4_saisie.xlsx
Exp21DM07_inoc1_saisie.xlsx;/Users/mavi/Code/python/leafdisks_powderymildew/notebooks/../data_in/gav_phenotypage/EXP-2021/Exp21DM07_VitEst UHA/Exp21DM07_inoc1_saisie.xlsx
Exp21DM07_inoc2_saisie.xlsx;/Users/mavi/Code/python/leafdisks_powderymildew/notebooks/../data_in/gav_phenotypage/EXP-2021/Exp21DM07_VitEst UHA/Exp21DM07_inoc2_saisie.xlsx
Exp21DM08_inoc1_saisie.xlsx;/Users/mavi/Code/python/leafdisks_powderymildew/notebooks/../data_in/gav_phenotypage/EXP-2021/Exp21DM08_50025/Exp21DM08_inoc1_saisie.xlsx
Exp21DM08_inoc2_saisie.xlsx;/Users/mavi/Code/python/leafdisks_powderymildew/notebooks/../data_in/gav_phenotypage/EXP-2021/Exp21DM08_50025/Exp21DM08_inoc2_saisie.xlsx
Exp21DM13_inoc1_saisie.xlsx;/Users/mavi/Code/python/leafdisks_powderymildew/notebooks/../data_in/gav_phenotypage/EXP-2021/Exp21DM13_Isolats Rpv10/Exp21DM13_inoc1_saisie.xlsx
Exp21DM13_inoc2_saisie.xlsx;/Users/mavi/Code/python/leafdisks_powderymildew/notebooks/../data_in/gav_phenotypage/EXP-2021/Exp21DM13_Isolats Rpv10/Exp21DM13_inoc2_saisie.xlsx
Exp21DM14_inoc1_saisie.xlsx;/Users/mavi/Code/python/leafdisks_powderymildew/notebooks/../data_in/gav_phenotypage/EXP-2021/Exp21DM14_Transcriptomique/Exp21DM14_inoc1_saisie.xlsx
~$Exp21DM14_inoc1_saisie.xlsx;/Users/mavi/Code/python/leafdisks_powderymildew/notebooks/../data_in/gav_phenotypage/EXP-2021/Exp21DM14_Transcriptomique/~$Exp21DM14_inoc1_saisie.xlsx
Exp21DM12_saisie.xlsx;/Users/mavi/Code/python/leafdisks_powderymildew/notebooks/../data_in/gav_phenotypage/EXP-2021/Exp21DM12_inoc3_S1-Cabernet-S /Exp21DM12_saisie.xlsx
Exp22DM02_inoc1_saisie.xlsx;/Users/mavi/Code/python/leafdisks_powderymildew/notebooks/../data_in/gav_phenotypage/EXP-2022/Exp22DM02_Oberlin/Exp22DM02_inoc1_saisie.xlsx
~$Exp22DM02_inoc1_saisie.xlsx;/Users/mavi/Code/python/leafdisks_powderymildew/notebooks/../data_in/gav_phenotypage/EXP-2022/Exp22DM02_Oberlin/~$Exp22DM02_inoc1_saisie.xlsx
Exp22DM02_inoc2_saisie.xlsx;/Users/mavi/Code/python/leafdisks_powderymildew/notebooks/../data_in/gav_phenotypage/EXP-2022/Exp22DM02_Oberlin/Exp22DM02_inoc2_saisie.xlsx
Exp22DM02_inoc3_saisie.xlsx;/Users/mavi/Code/python/leafdisks_powderymildew/notebooks/../data_in/gav_phenotypage/EXP-2022/Exp22DM02_Oberlin/Exp22DM02_inoc3_saisie.xlsx
~$Exp22DM02_inoc3_saisie.xlsx;/Users/mavi/Code/python/leafdisks_powderymildew/notebooks/../data_in/gav_phenotypage/EXP-2022/Exp22DM02_Oberlin/~$Exp22DM02_inoc3_saisie.xlsx
Exp22DM03_inoc2_saisie.xlsx;/Users/mavi/Code/python/leafdisks_powderymildew/notebooks/../data_in/gav_phenotypage/EXP-2022/Exp22DM03_Introgression Rpv15/Exp22DM03_inoc2_saisie.xlsx
Exp22DM03_inoc1_saisie.xlsx;/Users/mavi/Code/python/leafdisks_powderymildew/notebooks/../data_in/gav_phenotypage/EXP-2022/Exp22DM03_Introgression Rpv15/Exp22DM03_inoc1_saisie.xlsx
Exp22DM03_inoc3_saisie.xlsx;/Users/mavi/Code/python/leafdisks_powderymildew/notebooks/../data_in/gav_phenotypage/EXP-2022/Exp22DM03_Introgression Rpv15/Exp22DM03_inoc3_saisie.xlsx
Exp22DM07_inoc1_saisie.xlsx;/Users/mavi/Code/python/leafdisks_powderymildew/notebooks/../data_in/gav_phenotypage/EXP-2022/Exp22DM07_Mycorhizes/Exp22DM07_inoc1_saisie.xlsx
Exp22DM08_inoc1_saisie.xlsx;/Users/mavi/Code/python/leafdisks_powderymildew/notebooks/../data_in/gav_phenotypage/EXP-2022/Exp22DM08_Isolat Freiburg/Exp22DM08_inoc1_saisie.xlsx
Exp22DM08_inoc2_saisie.xlsx;/Users/mavi/Code/python/leafdisks_powderymildew/notebooks/../data_in/gav_phenotypage/EXP-2022/Exp22DM08_Isolat Freiburg/Exp22DM08_inoc2_saisie.xlsx
Exp22DM08_inoc1_saisie_V2.xlsx;/Users/mavi/Code/python/leafdisks_powderymildew/notebooks/../data_in/gav_phenotypage/EXP-2022/Exp22DM08_Isolat Freiburg/Exp22DM08_inoc1_saisie_V2.xlsx
Exp22DM08_inoc3_saisie.xlsx;/Users/mavi/Code/python/leafdisks_powderymildew/notebooks/../data_in/gav_phenotypage/EXP-2022/Exp22DM08_Isolat Freiburg/Exp22DM08_inoc3_saisie.xlsx
Comparaison_Exp22DM08_inoc1_saisie_V1_V2.xlsx;/Users/mavi/Code/python/leafdisks_powderymildew/notebooks/../data_in/gav_phenotypage/EXP-2022/Exp22DM08_Isolat Freiburg/Comparaison_Exp22DM08_inoc1_saisie_V1_V2.xlsx
Exp22DM01_inoc1_saisie.xlsx;/Users/mavi/Code/python/leafdisks_powderymildew/notebooks/../data_in/gav_phenotypage/EXP-2022/Exp22DM01_DURAVIT:VITAE/Exp22DM01_inoc1_saisie.xlsx
Exp22DM01_inoc2_saisie.xlsx;/Users/mavi/Code/python/leafdisks_powderymildew/notebooks/../data_in/gav_phenotypage/EXP-2022/Exp22DM01_DURAVIT:VITAE/Exp22DM01_inoc2_saisie.xlsx
Exp22DM01_inoc3_saisie.xlsx;/Users/mavi/Code/python/leafdisks_powderymildew/notebooks/../data_in/gav_phenotypage/EXP-2022/Exp22DM01_DURAVIT:VITAE/Exp22DM01_inoc3_saisie.xlsx
~$Exp22DM06_saisie.xlsx;/Users/mavi/Code/python/leafdisks_powderymildew/notebooks/../data_in/gav_phenotypage/EXP-2022/Exp22DM06_moindre sensibilité/~$Exp22DM06_saisie.xlsx
Exp22DM06_saisie.xlsx;/Users/mavi/Code/python/leafdisks_powderymildew/notebooks/../data_in/gav_phenotypage/EXP-2022/Exp22DM06_moindre sensibilité/Exp22DM06_saisie.xlsx
Exp22DM09_saisie.xlsx;/Users/mavi/Code/python/leafdisks_powderymildew/notebooks/../data_in/gav_phenotypage/EXP-2022/Exp22DM09_Expression génique/Exp22DM09_saisie.xlsx
Exp22DM11_inoc2_saisie.xlsx;/Users/mavi/Code/python/leafdisks_powderymildew/notebooks/../data_in/gav_phenotypage/EXP-2022/Exp22DM11_Isolats Rpv12 sur Rpv12/Exp22DM11_inoc2_saisie.xlsx
Exp22DM11_inoc1_saisie.xlsx;/Users/mavi/Code/python/leafdisks_powderymildew/notebooks/../data_in/gav_phenotypage/EXP-2022/Exp22DM11_Isolats Rpv12 sur Rpv12/Exp22DM11_inoc1_saisie.xlsx
~$Exp22DM11_inoc2_saisie.xlsx;/Users/mavi/Code/python/leafdisks_powderymildew/notebooks/../data_in/gav_phenotypage/EXP-2022/Exp22DM11_Isolats Rpv12 sur Rpv12/~$Exp22DM11_inoc2_saisie.xlsx
Exp22DM11_inoc3_saisie.xlsx;/Users/mavi/Code/python/leafdisks_powderymildew/notebooks/../data_in/gav_phenotypage/EXP-2022/Exp22DM11_Isolats Rpv12 sur Rpv12/Exp22DM11_inoc3_saisie.xlsx
